{
    "BERTbase":{
        "seed=1": {
            "0": {
                "QA": {
                    "exact_match": 30.81482754177226,
                    "f1": 71.86198598790578
                },
                "PR": {
                    "p@1": 0.8445298741462995,
                    "p@2": 0.9655298311928182,
                    "p@3": 0.9887032343971479
                },
                "PRQA": {
                    "exact_match": 28.387955843821143,
                    "f1": 65.83008619037737
                }
            },
            "66": {
                "QA": {
                    "exact_match": 29.236287101069543,
                    "f1": 70.46747624138003
                },
                "PR": {
                    "p@1": 0.8924444826253168,
                    "p@2": 0.9809930844894978,
                    "p@3": 0.9953180705296164
                },
                "PRQA": {
                    "exact_match": 27.395730423950862,
                    "f1": 66.14390226791764
                }
            },
            "77": {
                "QA": {
                    "exact_match": 29.11172200506851,
                    "f1": 70.07033575843295
                },
                "PR": {
                    "p@1": 0.9112151539882307,
                    "p@2": 0.9876293973626562,
                    "p@3": 0.996649628452386
                },
                "PRQA": {
                    "exact_match": 27.631974571539022,
                    "f1": 66.67607003771342
                }
            },
            "89": {
                "QA": {
                    "exact_match": 29.551995189210086,
                    "f1": 69.69034502699435
                },
                "PR": {
                    "p@1": 0.9455564623512736,
                    "p@2": 0.9949529659378893,
                    "p@3": 0.9976590352648083
                },
                "PRQA": {
                    "exact_match": 28.317082599544694,
                    "f1": 67.63192431266978
                }
            },
            "100": {
                "QA": {
                    "exact_match": 28.351445384648425,
                    "f1": 69.82362859037072
                },
                "PR": {
                    "p@1": 0.957325716249302,
                    "p@2": 0.9930200592758043,
                    "p@3": 0.9968643958592844
                },
                "PRQA": {
                    "exact_match": 27.40217344615781,
                    "f1": 68.1687856007806
                }
            },
            "119": {
                "QA": {
                    "exact_match": 28.787423220652034,
                    "f1": 69.92206278398578
                },
                "PR": {
                    "p@1": 0.9583136463210343,
                    "p@2": 0.9928267686095958,
                    "p@3": 0.996649628452386
                },
                "PRQA": {
                    "exact_match": 27.692109445470557,
                    "f1": 68.2645174327155
                }
            },
            "121": {
                "QA": {
                    "exact_match": 29.06017782741291,
                    "f1": 69.19922781697841
                },
                "PR": {
                    "p@1": 0.9745930157639277,
                    "p@2": 0.9934066406082213,
                    "p@3": 0.9975731283020489
                },
                "PRQA": {
                    "exact_match": 28.409432584510974,
                    "f1": 68.17766662483714
                }
            },
            "142": {
                "QA": {
                    "exact_match": 28.13238262961213,
                    "f1": 67.96201585980204
                },
                "PR": {
                    "p@1": 0.9819380610798505,
                    "p@2": 0.9964348610454877,
                    "p@3": 0.9987328722992999
                },
                "PRQA": {
                    "exact_match": 27.445126927537476,
                    "f1": 67.25674583957662
                }
            },
            "229": {
                "QA": {
                    "exact_match": 28.44379536961471,
                    "f1": 68.062832406679
                },
                "PR": {
                    "p@1": 1.0,
                    "p@2": 1.0,
                    "p@3": 1.0
                },
                "PRQA": {
                    "exact_match": 28.44379536961471,
                    "f1": 68.062832406679
                }
            }
        },
        "seed=54": {
            "0": {
                "QA": {
                    "exact_match": 30.36381598728577,
                    "f1": 71.28621983267286
                },
                "PR": {
                    "p@1": 0.8554400584167346,
                    "p@2": 0.9715433185859714,
                    "p@3": 0.9916885013530347
                },
                "PRQA": {
                    "exact_match": 28.338559340234525,
                    "f1": 65.64633948273382
                }
            },
            "66": {
                "QA": {
                    "exact_match": 30.490528757355783,
                    "f1": 70.92662499604222
                },
                "PR": {
                    "p@1": 0.8833168678321378,
                    "p@2": 0.9791460847901723,
                    "p@3": 0.9966281517116963
                },
                "PRQA": {
                    "exact_match": 28.413727932648943,
                    "f1": 66.41036033309885
                }
            },
            "77": {
                "QA": {
                    "exact_match": 29.824749795970963,
                    "f1": 70.66194753163657
                },
                "PR": {
                    "p@1": 0.9145440487951548,
                    "p@2": 0.9877367810661054,
                    "p@3": 0.9968643958592844
                },
                "PRQA": {
                    "exact_match": 28.8819208796873,
                    "f1": 67.5299043355336
                }
            },
            "89": {
                "QA": {
                    "exact_match": 29.52192775224432,
                    "f1": 70.25044511315677
                },
                "PR": {
                    "p@1": 0.9331429062325501,
                    "p@2": 0.9939865126068468,
                    "p@3": 0.9977234654868777
                },
                "PRQA": {
                    "exact_match": 28.323525621751642,
                    "f1": 67.82723419785304
                }
            },
            "100": {
                "QA": {
                    "exact_match": 29.86985095141961,
                    "f1": 70.65396735011916
                },
                "PR": {
                    "p@1": 0.9522572054465014,
                    "p@2": 0.9922898500923499,
                    "p@3": 0.9959838494910013
                },
                "PRQA": {
                    "exact_match": 28.828229027962717,
                    "f1": 68.84258894359607
                }
            },
            "119": {
                "QA": {
                    "exact_match": 29.575619603968903,
                    "f1": 69.63594588040503
                },
                "PR": {
                    "p@1": 0.958614320690692,
                    "p@2": 0.9959408960096215,
                    "p@3": 0.9990120699282676
                },
                "PRQA": {
                    "exact_match": 28.701516257892703,
                    "f1": 68.05146523606231
                }
            },
            "121": {
                "QA": {
                    "exact_match": 29.358704523001588,
                    "f1": 68.13702735842132
                },
                "PR": {
                    "p@1": 0.9757742365018685,
                    "p@2": 0.9949959194192689,
                    "p@3": 0.9985395816330913
                },
                "PRQA": {
                    "exact_match": 28.353593058717408,