{
    "BERTbase":{
        "0": {
            "QA": {
                "exact_match": 30.36381598728577,
                "f1": 71.28621983267286
            },
            "PR": {
                "p@1": 0.8554400584167346,
                "p@2": 0.9715433185859714,
                "p@3": 0.9916885013530347
            },
            "PRQA": {
                "exact_match": 28.338559340234525,
                "f1": 65.64633948273382
            }
        },
        "66": {
            "QA": {
                "exact_match": 30.490528757355783,
                "f1": 70.92662499604222
            },
            "PR": {
                "p@1": 0.8833168678321378,
                "p@2": 0.9791460847901723,
                "p@3": 0.9966281517116963
            },
            "PRQA": {
                "exact_match": 28.413727932648943,
                "f1": 66.41036033309885
            }
        },
        "77": {
            "QA": {
                "exact_match": 29.824749795970963,
                "f1": 70.66194753163657
            },
            "PR": {
                "p@1": 0.9145440487951548,
                "p@2": 0.9877367810661054,
                "p@3": 0.9968643958592844
            },
            "PRQA": {
                "exact_match": 28.8819208796873,
                "f1": 67.5299043355336
            }
        },
        "89": {
            "QA": {
                "exact_match": 29.52192775224432,
                "f1": 70.25044511315677
            },
            "PR": {
                "p@1": 0.9331429062325501,
                "p@2": 0.9939865126068468,
                "p@3": 0.9977234654868777
            },
            "PRQA": {
                "exact_match": 28.323525621751642,
                "f1": 67.82723419785304
            }
        },
        "100": {
            "QA": {
                "exact_match": 29.86985095141961,
                "f1": 70.65396735011916
            },
            "PR": {
                "p@1": 0.9522572054465014,
                "p@2": 0.9922898500923499,
                "p@3": 0.9959838494910013
            },
            "PRQA": {
                "exact_match": 28.828229027962717,
                "f1": 68.84258894359607
            }
        },
        "119": {
            "QA": {
                "exact_match": 29.575619603968903,
                "f1": 69.63594588040503
            },
            "PR": {
                "p@1": 0.958614320690692,
                "p@2": 0.9959408960096215,
                "p@3": 0.9990120699282676
            },
            "PRQA": {
                "exact_match": 28.701516257892703,
                "f1": 68.05146523606231
            }
        },
        "121": {
            "QA": {
                "exact_match": 29.358704523001588,
                "f1": 68.13702735842132
            },
            "PR": {
                "p@1": 0.9757742365018685,
                "p@2": 0.9949959194192689,
                "p@3": 0.9985395816330913
            },
            "PRQA": {
                "exact_match": 28.353593058717408,
                "f1": 67.05676088177039
            }
        },
        "142": {
            "QA": {
                "exact_match": 28.922726686997983,
                "f1": 68.89157385352253
            },
            "PR": {
                "p@1": 0.9833125724839998,
                "p@2": 0.9945663846054723,
                "p@3": 0.9992053605944762
            },
            "PRQA": {
                "exact_match": 28.38151282161419,
                "f1": 68.33984243976202
            }
        },
        "229": {
            "QA": {
                "exact_match": 28.48460117692539,
                "f1": 67.7014387430734
            },
            "PR": {
                "p@1": 1.0,
                "p@2": 1.0,
                "p@3": 1.0
            },
            "PRQA": {
                "exact_match": 28.48460117692539,
                "f1": 67.7014387430734
            }
        }
    },
    "ClinicalBERT":
    {
        "0": {
            "QA": {
                "exact_match": 30.978050771014992,
                "f1": 73.36557881611799
            },
            "PR": {
                "p@1": 0.8788282290279628,
                "p@2": 0.9811648984150165,
                "p@3": 0.9972080237103217
            },
            "PRQA": {
                "exact_match": 29.251320819552426,
                "f1": 68.52378626401831
            }
        },
        "66": {
            "QA": {
                "exact_match": 30.009449765903526,
                "f1": 72.2905910404003
            },
            "PR": {
                "p@1": 0.9192045015248486,
                "p@2": 0.9892616296550836,
                "p@3": 0.9985395816330913
            },
            "PRQA": {
                "exact_match": 28.557622095270823,
                "f1": 69.21156074382601
            }
        },
        "77": {
            "QA": {
                "exact_match": 30.84059963060006,
                "f1": 73.0640875361854
            },
            "PR": {
                "p@1": 0.9317683948284008,
                "p@2": 0.9934710708302908,
                "p@3": 0.9997852325931017
            },
            "PRQA": {
                "exact_match": 29.573471929899917,
                "f1": 70.30960006522717
            }
        },
        "89": {
            "QA": {
                "exact_match": 30.39603109832052,
                "f1": 71.46278870873569
            },
            "PR": {
                "p@1": 0.9655727846741978,
                "p@2": 0.9968643958592844,
                "p@3": 0.9988617327434388
            },
            "PRQA": {
                "exact_match": 29.824749795970963,
                "f1": 70.09430427767802
            }
        },
        "100": {
            "QA": {
                "exact_match": 31.207851896396203,
                "f1": 72.59346471263972
            },
            "PR": {
                "p@1": 0.9614492504617499,
                "p@2": 0.9967999656372148,
                "p@3": 0.9996993256303424
            },
            "PRQA": {
                "exact_match": 30.215626476525923,
                "f1": 71.1506219829507
            }
        },
        "119": {
            "QA": {
                "exact_match": 30.413212490872386,
                "f1": 72.39606563799491
            },
            "PR": {
                "p@1": 0.9720372836218375,
                "p@2": 0.9984107211889524,
                "p@3": 0.9996778488896525
            },
            "PRQA": {
                "exact_match": 29.64649284824535,
                "f1": 71.35148400210954
            }
        },
        "121": {
            "QA": {
                "exact_match": 29.837635840384863,
                "f1": 70.7397747359473
            },
            "PR": {
                "p@1": 0.9876723508440359,
                "p@2": 0.9977234654868777,
                "p@3": 0.9997852325931017
            },
            "PRQA": {
                "exact_match": 29.32648941196684,
                "f1": 70.26392216341375
            }
        },
        "142": {
            "QA": {
                "exact_match": 29.86770327735063,
                "f1": 70.85040680771729
            },
            "PR": {
                "p@1": 0.9900777458012971,
                "p@2": 0.9979597096344659,
                "p@3": 0.9996993256303424
            },
            "PRQA": {
                "exact_match": 29.433873115416006,
                "f1": 70.4687054590195
            }
        },
        "229": {
            "QA": {
                "exact_match": 29.7302521369357,
                "f1": 70.97349959354077
            },
            "PR": {
                "p@1": 1.0,
                "p@2": 1.0,
                "p@3": 1.0
            },
            "PRQA": {
                "exact_match": 29.7302521369357,
                "f1": 70.97349959354077
            }
        }
    }
}