{
    "BERTbert": {
        "0": {
            "QA": {
                "exact_match": 33.334049224689664,
                "f1": 75.51225593965019
            },
            "PR": {
                "p@1": 0.7861775696920236,
                "p@2": 0.9351402431167046,
                "p@3": 0.9694385979983677
            },
            "PRQA": {
                "exact_match": 29.22769640479361,
                "f1": 65.83424234610158
            }
        },
        "66": {
            "QA": {
                "exact_match": 30.675228727288346,
                "f1": 73.2454198736451
            },
            "PR": {
                "p@1": 0.8446802113311284,
                "p@2": 0.9580774021734462,
                "p@3": 0.9842790258150423
            },
            "PRQA": {
                "exact_match": 28.13882565181908,
                "f1": 66.85512124808628
            }
        },
        "77": {
            "QA": {
                "exact_match": 29.58206262617585,
                "f1": 72.00435618455485
            },
            "PR": {
                "p@1": 0.8680469052016666,
                "p@2": 0.9678922726686998,
                "p@3": 0.9881663158799021
            },
            "PRQA": {
                "exact_match": 27.68137107512564,
                "f1": 66.8726712214688
            }
        },
        "89": {
            "QA": {
                "exact_match": 29.94501954383403,
                "f1": 71.44644377788282
            },
            "PR": {
                "p@1": 0.8912847386280658,
                "p@2": 0.9788454104205145,
                "p@3": 0.9918817920192432
            },
            "PRQA": {
                "exact_match": 28.808899961341865,
                "f1": 67.55823876418943
            }
        },
        "100": {
            "QA": {
                "exact_match": 29.65937889265925,
                "f1": 70.76640687230547
            },
            "PR": {
                "p@1": 0.8823718912417852,
                "p@2": 0.9822816889308879,
                "p@3": 0.9946093380868519
            },
            "PRQA": {
                "exact_match": 28.166745414715862,
                "f1": 66.44485178233586
            }
        },
        "119": {
            "QA": {
                "exact_match": 29.889180018040463,
                "f1": 70.57115715069583
            },
            "PR": {
                "p@1": 0.9060177827412912,
                "p@2": 0.985610583737812,
                "p@3": 0.9967140586744556
            },
            "PRQA": {
                "exact_match": 28.884068553756283,
                "f1": 67.57027240941719
            }
        },
        "121": {
            "QA": {
                "exact_match": 28.937760405480866,
                "f1": 69.6625930605388
            },
            "PR": {
                "p@1": 0.9198273270048537,
                "p@2": 0.9897555946909496,
                "p@3": 0.9980026631158455
            },
            "PRQA": {
                "exact_match": 28.003522185473134,
                "f1": 66.96899374851195
            }
        },
        "142": {
            "QA": {
                "exact_match": 29.990120699282677,
                "f1": 70.6929134331987
            },
            "PR": {
                "p@1": 0.9516129032258065,
                "p@2": 0.9958979425282419,
                "p@3": 0.9996563721489626
            },
            "PRQA": {
                "exact_match": 29.468235900519737,
                "f1": 69.04554295962953
            }
        },
        "229": {
            "QA": {
                "exact_match": 28.946351101756797,
                "f1": 67.74725561138077
            },
            "PR": {
                "p@1": 0.9911086293544091,
                "p@2": 1.0,
                "p@3": 1.0
            },
            "PRQA": {
                "exact_match": 28.74661741334135,
                "f1": 67.49673391200913
            }
        }
    },
    "ClinicalBERT": {
        "0": {
            "QA": {
                "exact_match": 33.961170052832784,
                "f1": 77.6163300278698
            },
            "PR": {
                "p@1": 0.8182852970233238,
                "p@2": 0.9483913921223315,
                "p@3": 0.9776641896825737
            },
            "PRQA": {
                "exact_match": 30.68381942356428,
                "f1": 69.10951675015261
            }
        },
        "66": {
            "QA": {
                "exact_match": 30.96301705253211,
                "f1": 73.78530485584797
            },
            "PR": {
                "p@1": 0.8711180791203127,
                "p@2": 0.9651002963790215,
                "p@3": 0.9883596065461105
            },
            "PRQA": {
                "exact_match": 29.56058588548602,
                "f1": 68.63224260008758
            }
        },
        "77": {
            "QA": {
                "exact_match": 30.37670203169967,
                "f1": 73.62965009765149
            },
            "PR": {
                "p@1": 0.8822000773162665,
                "p@2": 0.9770198874618787,
                "p@3": 0.9923542803144195
            },
            "PRQA": {
                "exact_match": 29.06017782741291,
                "f1": 68.97511961270358
            }
        },
        "89": {
            "QA": {
                "exact_match": 30.35737296507882,
                "f1": 72.59290666843754
            },
            "PR": {
                "p@1": 0.8947424938791289,
                "p@2": 0.9834629096688287,
                "p@3": 0.9962200936385894
            },
            "PRQA": {
                "exact_match": 29.12246037541343,
                "f1": 68.58254280000243
            }
        },
        "100": {
            "QA": {
                "exact_match": 31.416176281087584,
                "f1": 73.25822577563116
            },
            "PR": {
                "p@1": 0.911043340062712,
                "p@2": 0.9862334092178171,
                "p@3": 0.9974442678579098
            },
            "PRQA": {
                "exact_match": 30.499119453631717,
                "f1": 69.8650133383918
            }
        },
        "119": {
            "QA": {
                "exact_match": 31.44624371805335,
                "f1": 74.01141536631157
            },
            "PR": {
                "p@1": 0.9346462780808384,
                "p@2": 0.9910441991323397,
                "p@3": 0.9987758257806795
            },
            "PRQA": {
                "exact_match": 30.512005498045617,
                "f1": 71.49214036860664
            }
        },
        "121": {
            "QA": {
                "exact_match": 30.56140200163223,
                "f1": 72.70186358996347
            },
            "PR": {
                "p@1": 0.9422275675443494,
                "p@2": 0.9951462566040977,
                "p@3": 0.9995060349641338
            },
            "PRQA": {
                "exact_match": 30.06528929169709,
                "f1": 70.66483060661146
            }
        },
        "142": {
            "QA": {
                "exact_match": 30.91362054894549,
                "f1": 72.9872949654077
            },
            "PR": {
                "p@1": 0.9618573085348567,
                "p@2": 0.9972724539323912,
                "p@3": 0.9996563721489626
            },
            "PRQA": {
                "exact_match": 30.505562475838666,
                "f1": 71.71706470218685
            }
        },
        "229": {
            "QA": {
                "exact_match": 30.10394742493879,
                "f1": 71.31587894635764
            },
            "PR": {
                "p@1": 0.9915811176495855,
                "p@2": 1.0,
                "p@3": 1.0
            },
            "PRQA": {
                "exact_match": 30.000859069627595,
                "f1": 71.10051209116843
            }
        }
    }
}